<?xml version="1.0" encoding="UTF-8" ?>
<XMLDB PATH="mod/autopdfform/db" VERSION="2025070301" COMMENT="XMLDB file for autopdfform module"
       xmlns:xsi="http://www.w3.org/2001/XMLSchema-instance"
       xsi:noNamespaceSchemaLocation="../../lib/xmldb/xmldb.xsd">

  <TABLES>
    <TABLE NAME="autopdfform" COMMENT="Stores PDF form instances">
      <FIELDS>
        <!-- Primary key -->
        <FIELD NAME="id" TYPE="int" LENGTH="10" NOTNULL="true" SEQUENCE="true" COMMENT="Unique ID"/>

        <!-- Required by Moodle for course module linking -->
        <FIELD NAME="course" TYPE="int" LENGTH="10" NOTNULL="true" DEFAULT="0" COMMENT="ID of the course this module belongs to"/>

        <!-- Activity settings -->
        <FIELD NAME="name" TYPE="char" LENGTH="255" NOTNULL="true" DEFAULT="Untitled autopdfform" COMMENT="Name of the instance"/>
        <FIELD NAME="intro" TYPE="text" NOTNULL="false" COMMENT="Introductory description shown on course page"/>
        <FIELD NAME="introformat" TYPE="int" LENGTH="2" NOTNULL="true" DEFAULT="1" COMMENT="Format of the intro field"/>

        <!-- Timestamps -->
        <FIELD NAME="timecreated" TYPE="int" LENGTH="10" NOTNULL="true" DEFAULT="0" COMMENT="Timestamp when the instance was created"/>
        <FIELD NAME="timemodified" TYPE="int" LENGTH="10" NOTNULL="true" DEFAULT="0" COMMENT="Timestamp when the instance was last modified"/>
      </FIELDS>

      <KEYS>
        <KEY NAME="primary" TYPE="primary" FIELDS="id"/>
        <KEY NAME="course" TYPE="foreign" FIELDS="course" REFTABLE="course" REFFIELDS="id"/>
      </KEYS>
    </TABLE>
  </TABLES>
</XMLDB>
